name,season,school,conf,games,minutes,fg,fga,fgper,2p,2pa,2pper,3p,3pa,3pper,ft,fta,ftper,orb,drb,trb,ast,stl,blk,tov,pf,pts
Pete Mickeal,1999-00,Cincinnati,CUSA,32,,143,284,0.504,122,224,0.545,21,60,0.35,125,173,0.723,,,203,58,46,16,,,432
Jaquay Walls,1999-00,Colorado,Big 12,32,,167,379,0.441,110,232,0.474,57,147,0.388,153,203,0.754,,,101,144,49,7,,,544
Chris Porter,1999-00,Auburn,SEC,26,755,141,304,0.464,137,287,0.477,4,17,0.235,94,139,0.676,,,191,30,52,9,54,70,380
Dan McClintock,1999-00,Northern Arizona,Big Sky,31,754,190,318,0.597,190,318,0.597,0,0,,103,151,0.682,,,202,36,11,70,57,88,483
Mark Karcher,1999-00,Temple,A-10,32,,180,476,0.378,98,241,0.407,82,235,0.349,62,109,0.569,,,146,70,59,5,,,504
Jabari Smith,1999-00,Louisiana State,SEC,34,969,156,282,0.553,143,247,0.579,13,35,0.371,100,168,0.595,,,239,75,24,33,88,84,425
Michael Redd,1999-00,Ohio State,Big Ten,30,1004,197,452,0.436,163,344,0.474,34,108,0.315,90,116,0.776,,,196,62,37,6,62,56,518
Lavor Postell,1999-00,St. John's (NY),Big East,33,1155,171,400,0.428,146,315,0.463,25,85,0.294,106,131,0.809,,,229,60,30,21,49,79,473
Eduardo Najera,1999-00,Oklahoma,Big 12,34,1162,234,514,0.455,216,432,0.5,18,82,0.22,139,202,0.688,,,314,72,59,25,82,97,625
Eddie House,1999-00,Arizona State,Pac-10,32,1189,263,623,0.422,190,423,0.449,73,200,0.365,137,164,0.835,,,175,111,74,2,72,66,736
Khalid El-Amin,1999-00,Connecticut,Big East,35,1118,195,475,0.411,132,298,0.443,63,177,0.356,107,120,0.892,,,110,183,59,4,93,73,560
A.J. Guyton,1999-00,Indiana,Big Ten,29,995,204,444,0.459,132,272,0.485,72,172,0.419,90,114,0.789,,,90,68,29,13,69,27,570
Dan Langhi,1999-00,Vanderbilt,SEC,30,1033,222,465,0.477,164,321,0.511,58,144,0.403,162,186,0.871,,,181,23,13,9,53,56,664
Mark Madsen,1999-00,Stanford,Pac-10,23,628,108,184,0.587,108,184,0.587,0,0,,65,113,0.575,,,214,25,13,21,34,52,281
Ndongo N'diaye,,Providence,,5,,4,9,0.444,4,9,0.444,0,0,,0,1,0,,,6,0,0,5,,,8
Donnell Harvey,1999-00,Florida,SEC,37,746,144,284,0.507,144,283,0.509,0,1,0,86,141,0.61,,,258,37,27,31,60,101,374
Speedy Claxton,1999-00,Hofstra,AEC,31,1089,253,538,0.47,202,404,0.5,51,134,0.381,149,195,0.764,,,168,186,102,5,101,71,706
Jamal Crawford,1999-00,Michigan,Big Ten,17,577,105,255,0.412,72,154,0.468,33,101,0.327,40,51,0.784,,,47,76,19,16,53,19,283
Kenny Satterfield,2000-01,Cincinnati,CUSA,35,1203,163,421,0.387,115,277,0.415,48,144,0.333,130,165,0.788,,,165,177,60,6,111,89,504
Jarron Collins,2000-01,Stanford,Pac-10,34,963,154,276,0.558,152,270,0.563,2,6,0.333,125,182,0.687,,,229,47,21,19,50,86,435
Andre Hutson,2000-01,Michigan State,Big Ten,32,,173,278,0.622,173,278,0.622,0,0,,95,131,0.725,,,244,61,27,17,,,441
Alton Ford,2000-01,Houston,CUSA,26,663,95,220,0.432,86,186,0.462,9,34,0.265,81,133,0.609,,,154,17,5,19,66,97,280
Ruben Boumtje-Boumtje,2000-01,Georgetown,Big East,33,713,105,203,0.517,105,203,0.517,0,0,,89,124,0.718,,,225,30,22,78,73,84,299
Loren Woods,,Wake Forest,,52,525,134,304,0.441,133,300,0.443,1,4,0.25,130,193,0.674,,,314,35,15,95,43,45,399
Sean Lampley,2000-01,California,Pac-10,31,1073,209,416,0.502,202,383,0.527,7,33,0.212,180,244,0.738,,,224,102,29,14,112,79,605
Keith Bogans,2002-03,Kentucky,SEC,36,1068,194,425,0.456,114,216,0.528,80,209,0.383,96,130,0.738,,,138,98,42,4,78,60,564
Eric Chenowith,2000-01,Kansas,Big 12,33,,111,243,0.457,111,241,0.461,0,2,0,93,136,0.684,,,250,28,11,49,,,315
Bobby Simmons,2000-01,DePaul,CUSA,29,981,149,333,0.447,88,168,0.524,61,165,0.37,124,155,0.8,,,248,72,23,4,60,97,483
Jamison Brewer,2000-01,Auburn,SEC,32,1035,97,207,0.469,87,163,0.534,10,44,0.227,64,121,0.529,,,230,187,48,2,92,49,268
Earl Watson,2000-01,UCLA,Pac-10,32,1115,172,349,0.493,134,241,0.556,38,108,0.352,89,140,0.636,,,117,166,62,11,108,100,471
Michael Wright,2000-01,Arizona,Pac-10,36,,202,340,0.594,202,337,0.599,0,3,0,157,197,0.797,,,281,11,20,10,,,561
Damone Brown,2000-01,Syracuse,Big East,34,1242,215,437,0.492,211,423,0.499,4,14,0.286,125,158,0.791,,,300,56,58,48,69,92,559
Brian Scalabrine,2000-01,Southern California,Pac-10,34,1116,173,362,0.478,153,296,0.517,20,66,0.303,133,166,0.801,,,202,96,30,31,104,89,499
Will Solomon,2000-01,Clemson,ACC,30,998,183,461,0.397,88,209,0.421,95,252,0.377,130,165,0.788,,,86,102,42,9,123,71,591
Omar Cook,2000-01,St. John's (NY),Big East,29,1107,141,392,0.36,73,172,0.424,68,220,0.309,95,128,0.742,,,88,252,66,5,148,82,445
Gilbert Arenas,2000-01,Arizona,Pac-10,36,1044,208,434,0.479,139,268,0.519,69,166,0.416,97,134,0.724,,,131,84,65,7,101,82,582
Trenton Hassell,2000-01,Austin Peay,OVC,32,1213,246,507,0.485,193,371,0.52,53,136,0.39,148,186,0.796,,,249,144,39,15,121,67,693
Jamaal Tinsley,2000-01,Iowa State,Big 12,31,999,139,348,0.399,102,251,0.406,37,97,0.381,128,185,0.692,,,117,187,79,19,117,92,443
Brandon Armstrong,2000-01,Pepperdine,WCC,31,1027,240,537,0.447,164,339,0.484,76,198,0.384,128,155,0.826,,,101,46,46,6,65,85,684
Jeryl Sasser,2000-01,Southern Methodist,WAC,29,1011,170,431,0.394,135,309,0.437,35,122,0.287,117,163,0.718,,,242,22,41,16,62,62,492
Joseph Forte,2000-01,North Carolina,ACC,33,1145,251,558,0.45,196,412,0.476,55,146,0.377,133,156,0.853,,,201,116,67,12,84,60,690
Brendan Haywood,2000-01,North Carolina,ACC,33,901,155,262,0.592,155,262,0.592,0,0,,95,184,0.516,,,242,42,18,120,66,97,405
Kirk Haston,2000-01,Indiana,Big Ten,33,1018,243,552,0.44,217,483,0.449,26,69,0.377,114,166,0.687,,,288,41,36,40,79,93,626
Steven Hunter,2000-01,DePaul,CUSA,30,808,138,233,0.592,138,233,0.592,0,0,,67,125,0.536,,,169,15,5,72,44,70,343
Troy Murphy,2000-01,Notre Dame,Big East,30,1090,223,473,0.471,193,387,0.499,30,86,0.349,177,231,0.766,,,277,62,27,50,90,96,653
Richard Jefferson,2000-01,Arizona,Pac-10,35,961,147,307,0.479,116,217,0.535,31,90,0.344,72,110,0.655,,,190,94,27,28,104,98,397
Joe Johnson,2000-01,Arkansas,SEC,30,873,162,346,0.468,127,267,0.476,35,79,0.443,68,91,0.747,,,193,77,43,12,70,46,427
Rodney White,2000-01,Charlotte,CUSA,28,865,188,386,0.487,155,291,0.533,33,95,0.347,114,160,0.713,,,182,41,34,20,82,73,523
Eddie Griffin,2000-01,Seton Hall,Big East,30,979,206,480,0.429,165,352,0.469,41,128,0.32,80,109,0.734,,,323,49,26,133,67,71,533
Shane Battier,2000-01,Duke,ACC,39,1363,251,533,0.471,127,237,0.536,124,296,0.419,152,191,0.796,,,285,72,82,88,60,80,778
Jason Richardson,2000-01,Michigan State,Big Ten,33,940,182,362,0.503,133,240,0.554,49,122,0.402,73,106,0.689,,,195,73,38,28,42,74,486
Corsley Edwards,2001-02,Central Connecticut State,NEC,32,992,178,353,0.504,178,353,0.504,0,0,,137,180,0.761,,,278,33,44,48,,,493
Randy Holcomb,,Fresno State,,32,419,63,128,0.492,55,109,0.505,8,19,0.421,30,53,0.566,,,93,18,15,15,,,164
Tamar Slay,2001-02,Marshall,MAC,30,1031,196,439,0.446,116,248,0.468,80,191,0.419,95,130,0.731,,,161,72,49,16,89,81,567
Rasual Butler,2001-02,La Salle,A-10,32,1252,233,537,0.434,176,379,0.464,57,158,0.361,147,172,0.855,,,283,44,41,43,84,55,670
Marcus Taylor,2001-02,Michigan State,Big Ten,29,,164,410,0.4,104,244,0.426,60,166,0.361,100,123,0.813,,,83,153,31,3,,,488
Darius Songaila,2001-02,Wake Forest,ACC,34,1036,204,390,0.523,198,374,0.529,6,16,0.375,193,226,0.854,,,276,89,45,27,119,104,607
Matt Barnes,2001-02,UCLA,Pac-10,31,953,152,323,0.471,109,220,0.495,43,103,0.417,73,118,0.619,,,192,108,35,10,87,75,420
Lonny Baxter,2001-02,Maryland,ACC,35,1005,193,354,0.545,193,353,0.547,0,1,0,147,236,0.623,,,288,28,33,69,76,103,533
Jason Jennings,,Arkansas,,60,,111,206,0.539,111,206,0.539,0,0,,45,77,0.584,,,159,11,16,61,,,267
Rod Grizzard,2001-02,Alabama,SEC,35,,166,392,0.423,126,248,0.508,40,144,0.278,122,158,0.772,,,213,62,38,25,,,494
Tito Maddox,2000-01,Fresno State,WAC,25,807,110,281,0.391,90,211,0.427,20,70,0.286,97,138,0.703,,,144,200,41,5,130,67,337
Carlos Boozer,2001-02,Duke,ACC,35,993,230,346,0.665,230,345,0.667,0,1,0,178,236,0.754,,,303,38,31,21,65,107,638
Vincent Yarbrough,2001-02,Tennessee,SEC,31,1097,194,457,0.425,134,290,0.462,60,167,0.359,112,163,0.687,,,234,87,58,25,,,560
Robert Archibald,2001-02,Illinois,Big Ten,34,769,114,173,0.659,114,172,0.663,0,1,0,134,205,0.654,,,188,44,25,38,67,123,362
Steve Logan,2001-02,Cincinnati,CUSA,35,,246,538,0.457,160,308,0.519,86,230,0.374,192,220,0.873,,,107,187,32,0,,,770
John Salmons,2001-02,Miami (FL),Big East,32,1077,137,297,0.461,115,226,0.509,22,71,0.31,123,146,0.842,,,191,195,57,20,119,75,419
Kareem Rush,2001-02,Missouri,Big 12,36,1149,249,585,0.426,138,311,0.444,111,274,0.405,103,134,0.769,,,188,89,39,22,103,76,712
Ryan Humphrey,,Oklahoma,,63,831,250,507,0.493,250,506,0.494,0,1,0,136,274,0.496,,,441,37,51,119,61,112,636
Curtis Borchardt,2001-02,Stanford,Pac-10,29,896,171,297,0.576,160,270,0.593,11,27,0.407,138,206,0.67,,,332,59,17,83,57,82,491
Marcus Haislip,2001-02,Tennessee,SEC,25,839,161,311,0.518,146,265,0.551,15,46,0.326,80,111,0.721,,,167,24,11,44,51,86,417
Melvin Ely,2001-02,Fresno State,WAC,28,999,246,437,0.563,246,436,0.564,0,1,0,161,219,0.735,,,254,50,19,88,73,67,653
Caron Butler,2001-02,Connecticut,Big East,34,1223,253,521,0.486,223,446,0.5,30,75,0.4,155,199,0.779,,,256,101,71,13,98,75,691
Chris Wilcox,2001-02,Maryland,ACC,36,866,173,343,0.504,173,341,0.507,0,2,0,86,147,0.585,,,257,53,28,53,,,432
Dajuan Wagner,2001-02,Memphis,CUSA,36,1146,265,647,0.41,199,439,0.453,66,208,0.317,166,230,0.722,,,89,128,43,20,105,101,762
Drew Gooden,2001-02,Kansas,Big 12,37,1119,285,566,0.504,275,530,0.519,10,36,0.278,154,204,0.755,,,423,73,65,53,108,91,734
Brandon Hunter,2002-03,Ohio,MAC,30,1146,217,415,0.523,206,378,0.545,11,37,0.297,199,335,0.594,,,378,78,25,35,108,84,644
Tommy Smith,2002-03,Arizona State,Pac-10,32,,141,286,0.493,136,268,0.507,5,18,0.278,70,122,0.574,,,199,85,30,69,,,357
Kyle Korver,2002-03,Creighton,MVC,34,1082,183,391,0.468,54,122,0.443,129,269,0.48,109,120,0.908,,,217,104,50,23,68,89,604
Ricky Minard,2003-04,Morehead State,OVC,29,,210,466,0.451,165,328,0.503,45,138,0.326,166,214,0.776,,,213,147,60,15,,,631
Maurice Williams,1998-99,Monmouth,NEC,25,,87,196,0.444,68,146,0.466,19,50,0.38,39,54,0.722,,,66,75,27,3,,,232
Matt Bonner,2002-03,Florida,SEC,33,1037,182,357,0.51,119,224,0.531,63,133,0.474,74,101,0.733,,,201,49,35,20,,,501
Keith Bogans,2002-03,Kentucky,SEC,36,1068,194,425,0.456,114,216,0.528,80,209,0.383,96,130,0.738,,,138,98,42,4,78,60,564
Derrick Zimmerman,2002-03,Mississippi State,SEC,31,1024,99,208,0.476,84,156,0.538,15,52,0.288,63,97,0.649,,,130,171,58,26,,,276
Travis Hansen,2002-03,Brigham Young,MWC,32,1025,169,383,0.441,133,277,0.48,36,106,0.34,163,204,0.799,,,152,77,29,20,84,97,537
Andre Emmett,2003-04,Texas Tech,Big 12,34,1259,260,494,0.526,244,449,0.543,16,45,0.356,165,226,0.73,,,225,62,44,10,,,701
Luke Walton,2002-03,Arizona,Pac-10,28,772,107,255,0.42,79,182,0.434,28,73,0.384,59,87,0.678,,,157,142,26,7,78,56,301
Jason Kapono,2002-03,UCLA,Pac-10,29,969,171,374,0.457,107,213,0.502,64,161,0.398,81,92,0.88,,,151,59,17,0,61,65,487
Josh Howard,2002-03,Wake Forest,ACC,31,1002,204,428,0.477,151,286,0.528,53,142,0.373,145,174,0.833,,,257,59,64,48,82,89,606
Brian Cook,2002-03,Illinois,Big Ten,30,940,202,422,0.479,175,333,0.526,27,89,0.303,168,205,0.82,,,227,60,20,13,83,88,599
Jameer Nelson,2003-04,Saint Joseph's,A-10,32,1085,234,493,0.475,161,306,0.526,73,187,0.39,118,149,0.792,,,150,170,89,1,,,659
Dahntay Jones,,Rutgers,,63,1882,285,682,0.418,235,535,0.439,50,147,0.34,216,288,0.75,,,272,112,66,46,157,196,836
David West,2002-03,Xavier,A-10,32,1168,213,415,0.513,204,389,0.524,9,26,0.346,209,256,0.816,,,378,102,42,52,85,95,644
Troy Bell,2002-03,Boston College,Big East,31,1198,224,508,0.441,118,244,0.484,106,264,0.402,227,268,0.847,,,142,115,70,6,79,66,781
Luke Ridnour,2002-03,Oregon,Pac-10,33,1169,203,470,0.432,122,258,0.473,81,212,0.382,162,184,0.88,,,112,218,63,2,129,77,649
Nick Collison,2002-03,Kansas,Big 12,38,1232,281,507,0.554,268,469,0.571,13,38,0.342,127,200,0.635,,,380,84,44,74,,,702
Mike Sweetney,2002-03,Georgetown,Big East,34,1100,264,483,0.547,264,480,0.55,0,3,0,248,336,0.738,,,352,66,50,109,71,95,776
T.J. Ford,2002-03,Texas,Big 12,33,1110,159,397,0.401,141,329,0.429,18,68,0.265,159,194,0.82,,,128,254,66,5,107,83,495
Kirk Hinrich,2002-03,Kansas,Big 12,37,1241,232,488,0.475,143,269,0.532,89,219,0.406,88,125,0.704,,,139,130,69,16,83,78,641
Chris Kaman,2002-03,Central Michigan,MAC,31,1055,244,392,0.622,244,392,0.622,0,0,,206,275,0.749,,,373,37,19,98,137,99,694
Dwyane Wade,2002-03,Marquette,CUSA,33,1058,251,501,0.501,237,457,0.519,14,44,0.318,194,249,0.779,,,209,145,71,43,107,76,710
Chris Bosh,2002-03,Georgia Tech,ACC,31,960,168,300,0.56,146,254,0.575,22,46,0.478,127,174,0.73,,,278,38,30,67,72,73,485
Carmelo Anthony,2002-03,Syracuse,Big East,35,1274,277,612,0.453,221,446,0.496,56,166,0.337,168,238,0.706,,,349,77,55,30,77,77,778
Marcus Douthit,2003-04,Providence,Big East,29,,82,184,0.446,82,184,0.446,0,0,,63,82,0.768,,,170,64,45,92,,,227
Lawrence Roberts,,Baylor,,56,1696,307,707,0.434,270,586,0.461,37,121,0.306,243,357,0.681,,,518,79,96,68,,,894
Rickey Paulding,2003-04,Missouri,Big 12,30,,144,363,0.397,90,205,0.439,54,158,0.342,111,141,0.787,,,129,84,31,12,,,453
Dijon Thompson,2004-05,UCLA,Pac-10,28,970,183,386,0.474,140,271,0.517,43,115,0.374,107,136,0.787,,,222,63,42,9,,,516
Matt Freije,2003-04,Vanderbilt,SEC,33,985,185,446,0.415,123,272,0.452,62,174,0.356,175,222,0.788,,,178,30,23,21,,,607
Romain Sato,2003-04,Xavier,A-10,37,,179,443,0.404,104,228,0.456,75,215,0.349,170,205,0.829,,,297,84,47,5,,,603
Ryan Gomes,2004-05,Providence,Big East,31,1161,247,498,0.496,195,361,0.54,52,137,0.38,124,161,0.77,,,255,100,47,5,,,670
Ricky Minard,2003-04,Morehead State,OVC,29,,210,466,0.451,165,328,0.503,45,138,0.326,166,214,0.776,,,213,147,60,15,,,631
Pape Sow,2003-04,Cal State Fullerton,Big West,28,901,160,324,0.494,152,300,0.507,8,24,0.333,156,231,0.675,,,272,25,44,16,,,484
Bernard Robinson,2003-04,Michigan,Big Ten,34,1095,150,347,0.432,133,279,0.477,17,68,0.25,94,122,0.77,,,194,130,64,10,,,411
Tim Pickett,2003-04,Florida State,ACC,33,,185,426,0.434,75,156,0.481,110,270,0.407,63,83,0.759,,,149,69,82,12,,,543
Trevor Ariza,2003-04,UCLA,Pac-10,25,789,107,251,0.426,89,175,0.509,18,76,0.237,57,113,0.504,,,162,52,42,11,,,289
Chris Duhon,2003-04,Duke,ACC,37,1311,138,308,0.448,109,212,0.514,29,96,0.302,65,90,0.722,,,150,225,80,7,,,370
Andre Emmett,2003-04,Texas Tech,Big 12,34,1259,260,494,0.526,244,449,0.543,16,45,0.356,165,226,0.73,,,225,62,44,10,,,701
Brandon Bass,2004-05,Louisiana State,SEC,30,1007,181,319,0.567,169,293,0.577,12,26,0.462,146,188,0.777,,,272,25,24,48,,,520
Jackson Vroman,2003-04,Iowa State,Big 12,32,983,186,330,0.564,185,323,0.573,1,7,0.143,72,142,0.507,,,307,75,46,22,,,445
Tony Allen,2003-04,Oklahoma State,Big 12,35,1107,204,405,0.504,182,331,0.55,22,74,0.297,131,194,0.675,,,193,109,72,30,,,561
Delonte West,2003-04,Saint Joseph's,A-10,32,1073,212,416,0.51,156,280,0.557,56,136,0.412,124,139,0.892,,,172,151,55,6,,,604
Nate Robinson,2004-05,Washington,Pac-10,35,1101,188,406,0.463,126,245,0.514,62,161,0.385,136,174,0.782,,,135,149,61,6,,,574
Jameer Nelson,2003-04,Saint Joseph's,A-10,32,1085,234,493,0.475,161,306,0.526,73,187,0.39,118,149,0.792,,,150,170,89,1,,,659
Kirk Snyder,2003-04,Nevada,WAC,34,1079,209,485,0.431,155,330,0.47,54,155,0.348,166,227,0.731,,,195,117,35,22,,,638
Kris Humphries,2003-04,Minnesota,Big Ten,29,990,221,498,0.444,204,448,0.455,17,50,0.34,170,229,0.742,,,294,20,27,33,,,629
Luke Jackson,2003-04,Oregon,Pac-10,31,1072,210,430,0.488,137,264,0.519,73,166,0.44,163,189,0.862,,,223,139,39,5,,,656
Andre Iguodala,2003-04,Arizona,Pac-10,30,962,136,302,0.45,113,229,0.493,23,73,0.315,93,118,0.788,,,253,147,48,11,,,388
Luol Deng,2003-04,Duke,ACC,37,1149,210,441,0.476,170,330,0.515,40,111,0.36,98,138,0.71,,,255,68,49,39,,,558
Josh Childress,2003-04,Stanford,Pac-10,23,685,124,254,0.488,90,168,0.536,34,86,0.395,78,95,0.821,,,173,61,20,37,,,360
Ben Gordon,2003-04,Connecticut,Big East,39,1346,239,551,0.434,135,311,0.434,104,240,0.433,141,170,0.829,,,184,176,53,6,,,723
Alex Acker,2004-05,Pepperdine,WCC,31,1152,183,407,0.45,124,270,0.459,59,137,0.431,91,106,0.858,,,201,114,40,15,,,516
Dijon Thompson,2004-05,UCLA,Pac-10,28,970,183,386,0.474,140,271,0.517,43,115,0.374,107,136,0.787,,,222,63,42,9,,,516
Robert Whaley,2003-04,Cincinnati,CUSA,22,286,48,138,0.348,48,137,0.35,0,1,0,31,47,0.66,,,54,14,6,8,,,127
Bracey Wright,2004-05,Indiana,Big Ten,26,917,150,363,0.413,100,211,0.474,50,152,0.329,126,161,0.783,,,125,70,29,15,,,476
Chris Taft,2004-05,Pittsburgh,Big East,29,769,159,274,0.58,159,274,0.58,0,0,,68,116,0.586,,,218,24,11,50,,,386
Travis Diener,2004-05,Marquette,CUSA,23,783,131,312,0.42,63,144,0.438,68,168,0.405,124,148,0.838,,,90,160,31,1,,,454
Ronny Turiaf,2004-05,Gonzaga,WCC,31,967,157,309,0.508,155,302,0.513,2,7,0.286,177,259,0.683,,,295,48,12,59,,,493
Wayne Simien,2004-05,Kansas,Big 12,26,892,191,346,0.552,187,332,0.563,4,14,0.286,142,174,0.816,,,287,36,15,16,,,528
Jason Maxiell,2004-05,Cincinnati,CUSA,33,1037,164,302,0.543,162,297,0.545,2,5,0.4,176,273,0.645,,,254,28,33,90,,,506
Luther Head,2004-05,Illinois,Big Ten,39,1297,214,462,0.463,98,179,0.547,116,283,0.41,78,99,0.788,,,155,150,67,9,,,622
Francisco Garcia,2004-05,Louisville,CUSA,38,1211,187,428,0.437,116,234,0.496,71,194,0.366,150,171,0.877,,,158,148,65,56,,,595
Jarrett Jack,2004-05,Georgia Tech,ACC,32,1091,164,319,0.514,118,215,0.549,46,104,0.442,123,142,0.866,,,155,145,58,3,,,497
Julius Hodge,2004-05,North Carolina State,ACC,34,1177,197,400,0.493,183,345,0.53,14,55,0.255,169,253,0.668,,,225,162,48,24,,,577
Hakim Warrick,2004-05,Syracuse,Big East,34,1275,253,462,0.548,244,431,0.566,9,31,0.29,211,310,0.681,,,294,50,33,27,,,726
Danny Granger,,Bradley,,43,1092,210,440,0.477,201,403,0.499,9,37,0.243,163,219,0.744,,,318,37,56,89,,,592
Joey Graham,,Central Florida,,60,1464,225,455,0.495,194,351,0.553,31,104,0.298,167,210,0.795,,,280,103,47,22,,,648
Antoine Wright,2004-05,Texas A&M,Big 12,31,1052,193,385,0.501,122,226,0.54,71,159,0.447,96,139,0.691,,,185,69,36,22,,,553
Rashad McCants,2004-05,North Carolina,ACC,33,856,183,374,0.489,112,206,0.544,71,168,0.423,91,126,0.722,,,99,88,43,22,,,528
Sean May,2004-05,North Carolina,ACC,37,992,228,402,0.567,228,399,0.571,0,3,0,191,252,0.758,,,397,62,43,38,,,647
Brandon Rush,2007-08,Kansas,Big 12,38,1127,180,414,0.435,100,223,0.448,80,191,0.419,67,86,0.779,,,195,81,32,32,69,,507
Ike Diogu,2004-05,Arizona State,Pac-10,32,1164,229,398,0.575,211,353,0.598,18,45,0.4,248,311,0.797,,,312,43,18,75,,,724
Channing Frye,2004-05,Arizona,Pac-10,37,1148,227,410,0.554,224,393,0.57,3,17,0.176,127,153,0.83,,,282,72,35,85,,,584
Charlie Villanueva,2004-05,Connecticut,Big East,31,798,159,305,0.521,153,293,0.522,6,12,0.5,97,141,0.688,,,257,40,20,57,,,421
Raymond Felton,2004-05,North Carolina,ACC,36,1142,150,330,0.455,80,171,0.468,70,159,0.44,94,134,0.701,,,155,249,72,11,,,464
Chris Paul,2004-05,Wake Forest,ACC,32,1069,143,317,0.451,97,220,0.441,46,97,0.474,156,187,0.834,,,144,212,76,1,,,488
Deron Williams,2004-05,Illinois,Big Ten,39,1315,178,411,0.433,110,224,0.491,68,187,0.364,65,96,0.677,,,142,264,38,8,,,489
Andrew Bogut,2004-05,Utah,MWC,35,1224,281,453,0.62,272,428,0.636,9,25,0.36,144,208,0.692,,,427,82,34,65,,,715
Paul Miller,2005-06,Wichita State,MVC,35,,174,340,0.512,174,338,0.515,0,2,0,110,149,0.738,,,232,41,15,15,,,458
Paul Miller,2005-06,Wichita State,MVC,35,,174,340,0.512,174,338,0.515,0,2,0,110,149,0.738,,,232,41,15,15,,,458
Will Blalock,2005-06,Iowa State,Big 12,30,1072,177,396,0.447,130,278,0.468,47,118,0.398,60,91,0.659,,,99,184,65,2,,,461
Vernon Macklin,,Georgetown,,65,,92,141,0.652,92,140,0.657,0,1,0,22,71,0.31,,,117,38,9,28,26,,206
Aaron Gray,2006-07,Pittsburgh,Big East,36,1016,204,361,0.565,204,361,0.565,0,0,,91,166,0.548,,,341,61,15,62,,,499
Paul Millsap,2005-06,Louisiana Tech,WAC,33,1126,258,452,0.571,253,438,0.578,5,14,0.357,127,204,0.623,,,438,36,62,76,,,648
Denham Brown,2005-06,Connecticut,Big East,32,,117,290,0.403,87,198,0.439,30,92,0.326,79,91,0.868,,,141,44,25,12,,,343
Craig Smith,2005-06,Boston College,ACC,36,1305,243,424,0.573,242,412,0.587,1,12,0.083,146,227,0.643,,,339,109,44,29,,,633
Solomon Jones,2005-06,South Florida,Big East,29,1056,139,287,0.484,139,285,0.488,0,2,0,105,135,0.778,,,285,39,25,89,,,383
Solomon Jones,2005-06,South Florida,Big East,29,1056,139,287,0.484,139,285,0.488,0,2,0,105,135,0.778,,,285,39,25,89,,,383
Steve Novak,2005-06,Marquette,Big East,31,1047,173,363,0.477,52,104,0.5,121,259,0.467,74,76,0.974,,,183,39,18,4,,,541
Steve Novak,2005-06,Marquette,Big East,31,1047,173,363,0.477,52,104,0.5,121,259,0.467,74,76,0.974,,,183,39,18,4,,,541
Mardy Collins,2005-06,Temple,A-10,32,1212,202,468,0.432,160,331,0.483,42,137,0.307,90,151,0.596,,,150,127,89,6,,,536
Wayne Ellington,2008-09,North Carolina,ACC,38,,215,445,0.483,130,241,0.539,85,204,0.417,87,112,0.777,,,186,101,36,6,62,,602
Maurice Ager,2005-06,Michigan State,Big Ten,34,1170,226,495,0.457,143,274,0.522,83,221,0.376,121,159,0.761,,,139,84,23,11,,,656
Jordan Farmar,2005-06,UCLA,Pac-10,37,1125,172,420,0.41,109,231,0.472,63,189,0.333,91,127,0.717,,,95,189,41,9,,,498
Morris Almond,2006-07,Rice,CUSA,32,1069,263,544,0.483,186,375,0.496,77,169,0.456,241,285,0.846,,,210,37,38,24,,,844
Renaldo Balkman,2005-06,South Carolina,SEC,38,978,152,250,0.608,148,237,0.624,4,13,0.308,56,104,0.538,,,239,73,65,48,,,364
Ty Lawson,2008-09,North Carolina,ACC,35,,182,342,0.532,131,234,0.56,51,108,0.472,166,208,0.798,,,104,230,75,5,66,,581
Shawne Williams,2005-06,Memphis,CUSA,36,1002,156,375,0.416,108,221,0.489,48,154,0.312,114,145,0.786,,,222,67,50,49,,,474
Rodney Carney,2005-06,Memphis,CUSA,37,1027,220,505,0.436,118,244,0.484,102,261,0.391,94,132,0.712,,,158,47,49,25,,,636
Cedric Simmons,2005-06,North Carolina State,ACC,32,880,128,218,0.587,126,216,0.583,2,2,1,120,177,0.678,,,203,54,21,80,,,378
Ronnie Brewer,2005-06,Arkansas,SEC,32,1112,197,447,0.441,146,296,0.493,51,151,0.338,144,192,0.75,,,154,104,83,15,,,589
Thaddeus Young,2006-07,Georgia Tech,ACC,31,917,177,370,0.478,138,277,0.498,39,93,0.419,52,70,0.743,,,151,63,39,12,,,445
Hilton Armstrong,2005-06,Connecticut,Big East,34,943,118,194,0.608,117,192,0.609,1,2,0.5,92,133,0.692,,,226,25,21,107,,,329
J.J. Redick,2005-06,Duke,ACC,36,1336,302,643,0.47,163,313,0.521,139,330,0.421,221,256,0.863,,,71,95,52,2,,,964
Spencer Hawes,2006-07,Washington,Pac-10,31,896,193,363,0.532,192,360,0.533,1,3,0.333,74,98,0.755,,,197,60,16,54,,,461
Patrick O'Bryant,2005-06,Bradley,MVC,25,642,133,241,0.552,133,241,0.552,0,0,,69,102,0.676,,,207,21,22,72,,,335
Brandan Wright,2006-07,North Carolina,ACC,37,1013,228,353,0.646,228,353,0.646,0,0,,89,157,0.567,,,229,37,36,65,,,545
Randy Foye,2005-06,Villanova,Big East,33,1145,226,550,0.411,137,296,0.463,89,254,0.35,136,172,0.791,,,190,100,46,21,,,677
Brandon Roy,2005-06,Washington,Pac-10,33,1046,228,449,0.508,189,352,0.537,39,97,0.402,171,211,0.81,,,186,135,46,26,,,666
Shelden Williams,2005-06,Duke,ACC,36,1198,237,410,0.578,235,404,0.582,2,6,0.333,201,270,0.744,,,384,39,60,137,,,677
Tyrus Thomas,2005-06,Louisiana State,SEC,32,829,152,250,0.608,151,249,0.606,1,1,1,90,137,0.657,,,295,42,33,99,,,395
Adam Morrison,2005-06,Gonzaga,WCC,33,1205,306,617,0.496,232,444,0.523,74,173,0.428,240,311,0.772,,,182,56,35,11,,,926
LaMarcus Aldridge,2005-06,Texas,Big 12,37,1247,219,385,0.569,219,385,0.569,0,0,,117,181,0.646,,,339,20,50,73,,,555
D.J. Strawberry,2006-07,Maryland,ACC,34,1083,184,386,0.477,149,284,0.525,35,102,0.343,102,149,0.685,,,151,119,69,14,,,505
Sammy Mejia,2006-07,DePaul,Big East,34,,188,391,0.481,146,272,0.537,42,119,0.353,62,103,0.602,,,202,89,35,4,,,480
Ramon Sessions,2006-07,Nevada,WAC,34,1028,140,310,0.452,121,260,0.465,19,50,0.38,118,143,0.825,,,161,159,29,7,,,417
Herbert Hill,2006-07,Providence,Big East,31,,240,375,0.64,240,374,0.642,0,1,0,80,133,0.602,,,274,45,30,91,,,560
Demetris Nichols,2006-07,Syracuse,Big East,35,1217,225,503,0.447,125,263,0.475,100,240,0.417,113,133,0.85,,,190,54,49,37,,,663
Taurean Green,2006-07,Florida,SEC,40,1318,154,347,0.444,72,145,0.497,82,202,0.406,141,166,0.849,,,96,147,42,1,,,531
Solomon Alabi,2009-10,Florida State,ACC,32,820,133,249,0.534,133,249,0.534,0,0,,108,136,0.794,79,119,198,16,20,75,61,75,374
Aaron Gray,2006-07,Pittsburgh,Big East,36,1016,204,361,0.565,204,361,0.565,0,0,,91,166,0.548,,,341,61,15,62,,,499
Dominic McGuire,,California,,54,1099,131,290,0.452,127,262,0.485,4,28,0.143,47,94,0.5,,,226,68,27,53,,,313
Stephane Lasme,2006-07,Massachusetts,A-10,33,1010,165,270,0.611,165,270,0.611,0,0,,117,188,0.622,,,315,28,29,168,,,447
Jared Jordan,2006-07,Marist,MAAC,33,,197,464,0.425,141,276,0.511,56,188,0.298,116,168,0.69,,,194,286,45,2,,,566
Reyshawn Terry,2006-07,North Carolina,ACC,38,,130,263,0.494,85,160,0.531,45,103,0.437,65,88,0.739,,,204,63,27,24,,,370
Sean Singletary,2007-08,Virginia,ACC,33,1122,203,476,0.426,145,318,0.456,58,158,0.367,189,222,0.851,,,127,202,60,1,128,,653
Josh McRoberts,2006-07,Duke,ACC,33,1164,164,327,0.502,159,304,0.523,5,23,0.217,97,146,0.664,,,260,114,39,82,,,430
Jermareo Davidson,2006-07,Alabama,SEC,30,968,149,366,0.407,145,350,0.414,4,16,0.25,117,151,0.775,,,247,44,23,70,,,419
Glen Davis,2006-07,Louisiana State,SEC,29,1016,178,368,0.484,161,319,0.505,17,49,0.347,139,195,0.713,,,303,66,32,28,,,512
Kyle Singler,2010-11,Duke,ACC,37,1286,219,509,0.43,157,316,0.497,62,193,0.321,125,155,0.806,88,165,253,60,34,12,70,98,625
Donte Greene,2007-08,Syracuse,Big East,35,1253,218,521,0.418,128,260,0.492,90,261,0.345,94,133,0.707,,,251,71,45,57,91,,620
Aaron Brooks,2006-07,Oregon,Pac-10,35,1289,213,463,0.46,133,265,0.502,80,198,0.404,115,136,0.846,,,149,149,48,6,,,621
Jared Dudley,2006-07,Boston College,ACC,30,1152,195,347,0.562,156,259,0.602,39,88,0.443,142,191,0.743,,,248,90,42,10,,,571
Daequan Cook,2006-07,Ohio State,Big Ten,39,770,141,317,0.445,87,187,0.465,54,130,0.415,46,66,0.697,,,167,40,28,10,,,382
Nolan Smith,2010-11,Duke,ACC,37,1259,260,568,0.458,203,405,0.501,57,163,0.35,187,230,0.813,44,122,166,189,45,3,118,72,764
Javaris Crittenton,2006-07,Georgia Tech,ACC,32,1003,158,351,0.45,122,250,0.488,36,101,0.356,108,138,0.783,,,119,184,65,2,,,460
Nick Young,2006-07,Southern California,Pac-10,37,1227,239,455,0.525,195,355,0.549,44,100,0.44,125,159,0.786,,,171,50,27,10,,,647
Rodney Stuckey,2006-07,Eastern Washington,Big Sky,29,965,227,501,0.453,184,340,0.541,43,161,0.267,215,254,0.846,,,135,160,71,9,,,712
Patrick Patterson,2009-10,Kentucky,SEC,38,1255,215,374,0.575,191,305,0.626,24,69,0.348,90,130,0.692,116,167,283,36,27,51,41,61,544
Al Thornton,2006-07,Florida State,ACC,35,1092,244,460,0.53,208,379,0.549,36,81,0.444,166,210,0.79,,,251,24,53,40,,,690
Julian Wright,2006-07,Kansas,Big 12,38,1048,190,346,0.549,187,333,0.562,3,13,0.231,73,119,0.613,,,298,82,55,49,,,456
Thaddeus Young,2006-07,Georgia Tech,ACC,31,917,177,370,0.478,138,277,0.498,39,93,0.419,52,70,0.743,,,151,63,39,12,,,445
Jerryd Bayless,2007-08,Arizona,Pac-10,30,1072,173,378,0.458,114,233,0.489,59,145,0.407,187,223,0.839,,,82,121,29,3,89,,592
Acie Law,2006-07,Texas A&M,Big 12,34,1153,216,432,0.5,178,349,0.51,38,83,0.458,144,185,0.778,,,113,169,39,1,,,614
Spencer Hawes,2006-07,Washington,Pac-10,31,896,193,363,0.532,192,360,0.533,1,3,0.333,74,98,0.755,,,197,60,16,54,,,461
Joakim Noah,2006-07,Florida,SEC,40,1034,173,285,0.607,172,284,0.606,1,1,1,132,199,0.663,,,337,90,45,72,,,479
Brandan Wright,2006-07,North Carolina,ACC,37,1013,228,353,0.646,228,353,0.646,0,0,,89,157,0.567,,,229,37,36,65,,,545
Jonny Flynn,2008-09,Syracuse,Big East,38,,219,476,0.46,174,334,0.521,45,142,0.317,180,229,0.786,,,104,254,54,6,129,,663
Jeff Green,2006-07,Georgetown,Big East,37,1232,196,382,0.513,160,286,0.559,36,96,0.375,100,129,0.775,,,236,117,30,43,,,528
O.J. Mayo,2007-08,Southern California,Pac-10,33,1216,237,536,0.442,149,321,0.464,88,215,0.409,122,152,0.803,,,150,109,51,13,117,,684
Al Horford,2006-07,Florida,SEC,38,1057,186,306,0.608,186,304,0.612,0,2,0,130,202,0.644,,,360,82,28,70,,,502
Michael Beasley,2007-08,Kansas State,Big 12,33,1041,307,577,0.532,271,482,0.562,36,95,0.379,216,279,0.774,,,408,38,42,54,95,,866
Kevin Durant,2006-07,Texas,Big 12,35,1255,306,647,0.473,224,444,0.505,82,203,0.404,209,256,0.816,,,390,46,66,67,,,903
Greg Oden,2006-07,Ohio State,Big Ten,32,925,189,307,0.616,189,307,0.616,0,0,,123,196,0.628,,,306,21,18,105,,,501
Deron Washington,2007-08,Virginia Tech,ACC,35,,147,353,0.416,129,286,0.451,18,67,0.269,147,219,0.671,,,227,80,34,22,74,,459
Lester Hudson,2008-09,Tennessee-Martin,OVC,32,,313,697,0.449,207,398,0.52,106,299,0.355,148,168,0.881,,,254,135,75,18,106,,880
Joe Crawford,2007-08,Kentucky,SEC,30,1009,188,401,0.469,125,228,0.548,63,173,0.364,99,130,0.762,,,109,64,17,5,83,,538
James Gist,2007-08,Maryland,ACC,33,,194,391,0.496,172,320,0.538,22,71,0.31,115,156,0.737,,,260,45,42,77,90,,525
Sasha Kaun,2007-08,Kansas,Big 12,40,,109,176,0.619,109,176,0.619,0,0,,66,122,0.541,,,154,12,17,49,32,,284
Maarty Leunen,2007-08,Oregon,Pac-10,32,,157,281,0.559,98,161,0.609,59,120,0.492,112,142,0.789,,,293,90,28,11,50,,485
Robert Vaden,,Indiana,,60,,250,610,0.41,125,296,0.422,125,314,0.398,90,112,0.804,,,296,171,83,13,,,715
Shan Foster,2007-08,Vanderbilt,SEC,34,,242,463,0.523,108,177,0.61,134,286,0.469,73,96,0.76,,,167,56,36,8,58,,691
DeVon Hardin,2007-08,California,Pac-10,30,,98,177,0.554,98,177,0.554,0,0,,84,132,0.636,,,221,20,17,37,43,,280
Richard Hendrix,2007-08,Alabama,SEC,32,,229,383,0.598,227,376,0.604,2,7,0.286,108,201,0.537,,,324,51,41,62,55,,568
Malik Hairston,2007-08,Oregon,Pac-10,31,976,176,335,0.525,124,215,0.577,52,120,0.433,101,138,0.732,,,150,66,19,26,55,,505
Danny Green,2008-09,North Carolina,ACC,38,,184,391,0.471,107,207,0.517,77,184,0.418,52,61,0.852,,,178,104,67,51,63,,497
Trent Plaisted,2007-08,Brigham Young,MWC,35,,202,373,0.542,202,373,0.542,0,0,,141,260,0.542,,,269,54,15,34,84,,545
Sean Singletary,2007-08,Virginia,ACC,33,1122,203,476,0.426,145,318,0.456,58,158,0.367,189,222,0.851,,,127,202,60,1,128,,653
Sonny Weems,2007-08,Arkansas,SEC,34,1067,197,425,0.464,143,279,0.513,54,146,0.37,61,76,0.803,,,152,89,45,8,96,,509
Luc Richard Mbah a Moute,2007-08,UCLA,Pac-10,33,958,117,245,0.478,112,220,0.509,5,25,0.2,51,74,0.689,,,198,51,34,15,62,,290
DeAndre Jordan,2007-08,Texas A&M,Big 12,35,703,113,183,0.617,113,183,0.617,0,0,,52,119,0.437,,,210,15,7,44,57,,278
Joey Dorsey,2007-08,Memphis,CUSA,38,958,108,167,0.647,108,167,0.647,0,0,,45,119,0.378,,,362,20,41,74,41,,261
J.R. Giddens,,Kansas,,63,1685,252,572,0.441,115,203,0.567,137,369,0.371,35,52,0.673,,,233,69,49,42,,,676
Wayne Ellington,2008-09,North Carolina,ACC,38,,215,445,0.483,130,241,0.539,85,204,0.417,87,112,0.777,,,186,101,36,6,62,,602
Donte Greene,2007-08,Syracuse,Big East,35,1253,218,521,0.418,128,260,0.492,90,261,0.345,94,133,0.707,,,251,71,45,57,91,,620
Darrell Arthur,2007-08,Kansas,Big 12,40,989,214,394,0.543,212,382,0.555,2,12,0.167,80,114,0.702,,,250,33,20,53,75,,510
Ty Lawson,2008-09,North Carolina,ACC,35,,182,342,0.532,131,234,0.56,51,108,0.472,166,208,0.798,,,104,230,75,5,66,,581
JaVale McGee,2007-08,Nevada,WAC,33,902,189,357,0.529,175,315,0.556,14,42,0.333,74,141,0.525,,,242,20,26,92,80,,466
Anthony Randolph,2007-08,Louisiana State,SEC,31,1016,183,394,0.464,181,375,0.483,2,19,0.105,115,166,0.693,,,263,38,35,70,92,,483
Jerryd Bayless,2007-08,Arizona,Pac-10,30,1072,173,378,0.458,114,233,0.489,59,145,0.407,187,223,0.839,,,82,121,29,3,89,,592
Brook Lopez,2007-08,Stanford,Pac-10,27,831,184,393,0.468,184,387,0.475,0,6,0,153,194,0.789,,,221,37,16,56,58,,521
D.J. Augustin,2007-08,Texas,Big 12,38,1417,242,551,0.439,168,357,0.471,74,194,0.381,173,221,0.783,,,112,219,47,0,105,,731
Joe Alexander,2007-08,West Virginia,Big East,36,1137,219,474,0.462,208,433,0.48,11,41,0.268,158,194,0.814,,,231,88,26,54,80,,607
Russell Westbrook,2007-08,UCLA,Pac-10,39,1318,182,391,0.465,156,314,0.497,26,77,0.338,107,150,0.713,,,153,167,63,7,96,,497
O.J. Mayo,2007-08,Southern California,Pac-10,33,1216,237,536,0.442,149,321,0.464,88,215,0.409,122,152,0.803,,,150,109,51,13,117,,684
Michael Beasley,2007-08,Kansas State,Big 12,33,1041,307,577,0.532,271,482,0.562,36,95,0.379,216,279,0.774,,,408,38,42,54,95,,866
Derrick Rose,2007-08,Memphis,CUSA,40,1168,208,436,0.477,173,332,0.521,35,104,0.337,146,205,0.712,,,181,189,48,15,107,,597
Dionte Christmas,2008-09,Temple,A-10,34,,218,527,0.414,111,223,0.498,107,304,0.352,119,158,0.753,,,197,98,51,5,98,,662
Jack McClinton,,Siena,,30,,137,324,0.423,91,195,0.467,46,129,0.357,88,108,0.815,,,150,82,34,1,,,408
Jeff Pendergraph,2008-09,Arizona State,Pac-10,35,,198,300,0.66,198,299,0.662,0,1,0,113,145,0.779,,,287,31,17,30,43,,509
Luke Harangody,2009-10,Notre Dame,Big East,30,989,244,507,0.481,219,426,0.514,25,81,0.309,140,178,0.787,67,206,273,47,14,20,54,70,653
Taj Gibson,2008-09,Southern California,Pac-10,35,,190,316,0.601,190,316,0.601,0,0,,120,182,0.659,,,316,44,34,100,72,,500
Greivis Vasquez,2009-10,Maryland,ACC,33,1120,220,513,0.429,151,321,0.47,69,192,0.359,138,161,0.857,38,115,153,208,56,12,111,69,647
Josh Heytvelt,2008-09,Gonzaga,WCC,34,,186,342,0.544,163,285,0.572,23,57,0.404,112,156,0.718,,,222,22,20,30,43,,507
Jerel McNeal,2008-09,Marquette,Big East,35,,236,534,0.442,150,318,0.472,86,216,0.398,135,183,0.738,,,159,137,71,21,103,,693
Danny Green,2008-09,North Carolina,ACC,38,,184,391,0.471,107,207,0.517,77,184,0.418,52,61,0.852,,,178,104,67,51,63,,497
Jodie Meeks,2008-09,Kentucky,SEC,36,,263,568,0.463,146,280,0.521,117,288,0.406,211,234,0.902,,,122,63,48,5,96,,854
Derrick Brown,2008-09,Xavier,A-10,35,,170,337,0.504,131,247,0.53,39,90,0.433,100,135,0.741,,,212,68,25,30,61,,479
Toney Douglas,,Auburn,,31,,179,422,0.424,117,256,0.457,62,166,0.373,105,133,0.789,,,165,57,43,3,,,525
Dante Cunningham,2008-09,Villanova,Big East,38,,244,465,0.525,244,463,0.527,0,2,0,124,178,0.697,,,284,47,47,47,82,,612
Jermaine Taylor,2008-09,Central Florida,CUSA,31,,291,606,0.48,199,361,0.551,92,245,0.376,138,170,0.812,,,161,58,39,24,87,,812
Gani Lawal,2009-10,Georgia Tech,ACC,36,930,172,325,0.529,172,324,0.531,0,1,0,127,222,0.572,105,200,305,15,16,49,78,76,471
DaJuan Summers,2008-09,Georgetown,Big East,31,,137,289,0.474,85,154,0.552,52,135,0.385,97,136,0.713,,,128,39,35,21,81,,423
Patrick Mills,2008-09,Saint Mary's (CA),WCC,26,,163,405,0.402,96,207,0.464,67,198,0.338,85,99,0.859,,,62,101,57,6,75,,478
Wayne Ellington,2008-09,North Carolina,ACC,38,,215,445,0.483,130,241,0.539,85,204,0.417,87,112,0.777,,,186,101,36,6,62,,602
Darren Collison,2008-09,UCLA,Pac-10,35,,175,344,0.509,134,240,0.558,41,104,0.394,113,126,0.897,,,84,166,57,5,87,,504
Demarre Carroll,,Vanderbilt,,64,,191,376,0.508,183,341,0.537,8,35,0.229,70,128,0.547,,,320,86,57,13,,,460
Sam Young,2008-09,Pittsburgh,Big East,36,,261,520,0.502,207,375,0.552,54,145,0.372,114,154,0.74,,,225,40,35,30,88,,690
Chase Budinger,2008-09,Arizona,Pac-10,35,,219,456,0.48,152,288,0.528,67,168,0.399,125,156,0.801,,,217,118,50,16,85,,630
Tyler Hansbrough,2008-09,North Carolina,ACC,34,,223,434,0.514,214,411,0.521,9,23,0.391,249,296,0.841,,,276,34,42,12,63,,704
B.J. Mullens,2008-09,Ohio State,Big Ten,33,,120,188,0.638,120,187,0.642,0,1,0,52,93,0.559,,,154,9,16,37,51,,292
Jeff Teague,2008-09,Wake Forest,ACC,31,,180,371,0.485,135,269,0.502,45,102,0.441,179,219,0.817,,,102,110,58,20,104,,584
Eric Maynor,2008-09,Virginia Commonwealth,CAA,34,,248,536,0.463,182,353,0.516,66,183,0.361,198,243,0.815,,,122,210,58,6,101,,760
Ty Lawson,2008-09,North Carolina,ACC,35,,182,342,0.532,131,234,0.56,51,108,0.472,166,208,0.798,,,104,230,75,5,66,,581
Damion James,2009-10,Texas,Big 12,34,1029,210,419,0.501,174,325,0.535,36,94,0.383,155,230,0.674,107,243,350,33,57,40,69,100,611
Austin Daye,2008-09,Gonzaga,WCC,34,,159,333,0.477,123,249,0.494,36,84,0.429,77,109,0.706,,,232,37,24,70,73,,431
Jrue Holiday,2008-09,UCLA,Pac-10,35,,112,249,0.45,85,161,0.528,27,88,0.307,45,62,0.726,,,132,129,55,18,75,,296
Dejuan Blair,2008-09,Pittsburgh,Big East,35,,226,381,0.593,226,381,0.593,0,0,,98,162,0.605,,,432,42,54,34,44,,550
Jonny Flynn,2008-09,Syracuse,Big East,38,,219,476,0.46,174,334,0.521,45,142,0.317,180,229,0.786,,,104,254,54,6,129,,663
Demar Derozan,2008-09,Southern California,Pac-10,35,,192,367,0.523,186,331,0.562,6,36,0.167,95,147,0.646,,,201,51,31,13,73,,485
Stephen Curry,2008-09,Davidson,Southern,34,,312,687,0.454,182,351,0.519,130,336,0.387,220,251,0.876,,,151,189,86,8,126,,974
Tyreke Evans,2008-09,Memphis,CUSA,37,,230,505,0.455,196,381,0.514,34,124,0.274,138,194,0.711,,,198,143,77,29,133,,632
Hasheem Thabeet,2008-09,Connecticut,Big East,36,,178,278,0.64,178,278,0.64,0,0,,133,212,0.627,,,388,17,22,152,68,,489
Blake Griffin,2008-09,Oklahoma,Big 12,35,,300,459,0.654,297,451,0.659,3,8,0.375,191,324,0.59,,,504,80,39,41,116,,794
Derrick Caracter,,Louisville,,52,,166,297,0.559,165,296,0.557,1,1,1,97,163,0.595,,,222,21,27,38,63,,430
Lance Stephenson,2009-10,Cincinnati,Big East,34,960,162,368,0.44,146,295,0.495,16,73,0.219,79,119,0.664,63,119,182,84,31,6,81,66,419
Luke Harangody,2009-10,Notre Dame,Big East,30,989,244,507,0.481,219,426,0.514,25,81,0.309,140,178,0.787,67,206,273,47,14,20,54,70,653
Mikhail Torrance,2009-10,Alabama,SEC,32,1043,163,347,0.47,124,238,0.521,39,109,0.358,135,156,0.865,10,109,119,162,26,8,86,49,500
Mikhail Torrance,2009-10,Alabama,SEC,32,1043,163,347,0.47,124,238,0.521,39,109,0.358,135,156,0.865,10,109,119,162,26,8,86,49,500
Greivis Vasquez,2009-10,Maryland,ACC,33,1120,220,513,0.429,151,321,0.47,69,192,0.359,138,161,0.857,38,115,153,208,56,12,111,69,647
Ryan Richards,2003-04,Chattanooga,Southern,30,,65,145,0.448,13,30,0.433,52,115,0.452,20,25,0.8,,,66,26,16,0,,,202
Dexter Pittman,2009-10,Texas,Big 12,34,648,140,214,0.654,140,214,0.654,0,0,,75,135,0.556,101,98,199,17,12,63,60,90,355
Charles Garcia,2009-10,Seattle,Ind,31,806,190,401,0.474,177,354,0.5,13,47,0.277,187,304,0.615,80,176,256,32,14,24,124,100,580
Sherron Collins,2009-10,Kansas,Big 12,36,1187,185,434,0.426,115,245,0.469,70,189,0.37,118,138,0.855,8,67,75,161,39,2,85,60,558
Trevor Booker,2009-10,Clemson,ACC,32,984,188,361,0.521,179,327,0.547,9,34,0.265,101,171,0.591,89,179,268,81,43,45,62,63,486
Sylven Landesberg,2009-10,Virginia,ACC,27,868,166,375,0.443,143,315,0.454,23,60,0.383,111,137,0.81,37,95,132,77,21,8,61,57,466
Jerome Jordan,2009-10,Tulsa,CUSA,35,1043,184,335,0.549,184,335,0.549,0,0,,172,250,0.688,84,233,317,44,16,82,79,98,540
Jarvis Varnado,2009-10,Mississippi State,SEC,36,1141,184,316,0.582,184,316,0.582,0,0,,128,210,0.61,107,262,369,32,24,170,71,88,496
Craig Brackins,2009-10,Iowa State,Big 12,32,1124,192,457,0.42,165,370,0.446,27,87,0.31,117,154,0.76,67,206,273,69,25,38,68,64,528
Andy Rautins,2009-10,Syracuse,Big East,35,1137,130,297,0.438,32,56,0.571,98,241,0.407,66,81,0.815,18,100,118,171,69,8,98,76,424
Darington Hobson,2009-10,New Mexico,MWC,35,1175,193,439,0.44,154,331,0.465,39,108,0.361,130,199,0.653,74,250,324,160,44,15,104,68,555
Armon Johnson,2009-10,Nevada,WAC,34,1172,219,442,0.495,202,371,0.544,17,71,0.239,80,118,0.678,26,89,115,189,28,12,114,61,535
Artsiom Parakhouski,2009-10,Radford,Big South,31,1076,250,430,0.581,247,418,0.591,3,12,0.25,159,283,0.562,160,254,414,33,19,65,75,69,662
Terrico White,2009-10,Mississippi,SEC,35,1103,192,447,0.43,131,268,0.489,61,179,0.341,85,119,0.714,55,105,160,52,30,7,45,62,530
Dominique Jones,2009-10,South Florida,Big East,33,1224,222,493,0.45,170,326,0.521,52,167,0.311,209,282,0.741,37,164,201,120,56,19,97,93,705
Jordan Crawford,,Indiana,,30,,107,243,0.44,77,161,0.478,30,82,0.366,47,63,0.746,,,101,69,28,6,58,,291
Gani Lawal,2009-10,Georgia Tech,ACC,36,930,172,325,0.529,172,324,0.531,0,1,0,127,222,0.572,105,200,305,15,16,49,78,76,471
Devin Ebanks,2009-10,West Virginia,Big East,34,1161,144,315,0.457,141,285,0.495,3,30,0.1,117,152,0.77,99,176,275,83,36,23,75,54,408
Lazar Hayward,2009-10,Marquette,Big East,34,1097,222,514,0.432,157,328,0.479,65,186,0.349,107,127,0.843,72,184,256,52,64,18,67,115,616
Avery Bradley,2009-10,Texas,Big 12,34,1003,159,368,0.432,117,256,0.457,42,112,0.375,36,66,0.545,33,65,98,71,44,18,52,80,396
Willie Warren,2009-10,Oklahoma,Big 12,21,678,106,242,0.438,76,145,0.524,30,97,0.309,101,127,0.795,14,55,69,86,21,1,80,48,343
Eric Bledsoe,2009-10,Kentucky,SEC,37,1122,144,312,0.462,95,184,0.516,49,128,0.383,82,123,0.667,19,95,114,107,52,12,112,82,419
Paul George,2009-10,Fresno State,WAC,29,962,154,363,0.424,95,196,0.485,59,167,0.353,120,132,0.909,55,155,210,88,64,24,94,84,487
Larry Sanders,2009-10,Virginia Commonwealth,CAA,35,941,196,367,0.534,192,351,0.547,4,16,0.25,107,167,0.641,106,213,319,34,26,90,58,103,503
Solomon Alabi,2009-10,Florida State,ACC,32,820,133,249,0.534,133,249,0.534,0,0,,108,136,0.794,79,119,198,16,20,75,61,75,374
Luke Babbitt,2009-10,Nevada,WAC,34,1260,251,502,0.5,209,401,0.521,42,101,0.416,199,217,0.917,70,233,303,72,35,27,81,87,743
Stanley Robinson,2009-10,Connecticut,Big East,34,1163,203,387,0.525,176,308,0.571,27,79,0.342,61,97,0.629,91,169,260,34,30,41,77,52,494
Gordon Hayward,2009-10,Butler,Horizon,37,1239,173,373,0.464,126,213,0.592,47,160,0.294,179,216,0.829,72,233,305,62,40,30,85,78,572
Damion James,2009-10,Texas,Big 12,34,1029,210,419,0.501,174,325,0.535,36,94,0.383,155,230,0.674,107,243,350,33,57,40,69,100,611
Xavier Henry,2009-10,Kansas,Big 12,36,990,162,354,0.458,93,189,0.492,69,165,0.418,90,115,0.783,43,114,157,53,54,18,69,66,483
Hassan Whiteside,2009-10,Marshall,CUSA,34,889,167,319,0.524,164,314,0.522,3,5,0.6,110,187,0.588,92,211,303,10,19,182,64,82,447
Patrick Patterson,2009-10,Kentucky,SEC,38,1255,215,374,0.575,191,305,0.626,24,69,0.348,90,130,0.692,116,167,283,36,27,51,41,61,544
Greg Monroe,2009-10,Georgetown,Big East,34,1164,202,385,0.525,195,358,0.545,7,27,0.259,138,209,0.66,74,254,328,128,42,52,112,87,549
Ekpe Udoh,,Michigan,,67,,152,336,0.452,146,317,0.461,6,19,0.316,57,97,0.588,,,299,57,50,159,36,,367
Cole Aldrich,2009-10,Kansas,Big 12,36,963,149,265,0.562,149,265,0.562,0,0,,108,159,0.679,110,244,354,31,27,125,56,92,406
Al-Farouq Aminu,2009-10,Wake Forest,ACC,31,970,167,374,0.447,149,308,0.484,18,66,0.273,139,199,0.698,133,199,332,41,44,44,99,91,491
DeMarcus Cousins,2009-10,Kentucky,SEC,38,893,206,369,0.558,205,363,0.565,1,6,0.167,162,268,0.604,154,220,374,38,37,67,78,122,575
Derrick Favors,2009-10,Georgia Tech,ACC,36,989,179,293,0.611,179,292,0.613,0,1,0,90,143,0.629,108,195,303,37,32,74,90,94,448
Evan Turner,2009-10,Ohio State,Big Ten,31,1108,237,457,0.519,217,402,0.54,20,55,0.364,138,183,0.754,62,222,284,185,54,28,136,86,632
Isaiah Thomas,2010-11,Washington,Pac-10,35,1115,188,422,0.445,128,250,0.512,60,172,0.349,151,210,0.719,26,97,123,213,47,2,104,75,587
Michael Dunigan,2009-10,Oregon,Pac-10,28,567,82,148,0.554,82,148,0.554,0,0,,88,144,0.611,53,85,138,4,17,37,37,66,252
Chandler Parsons,2010-11,Florida,SEC,36,1229,155,323,0.48,112,206,0.544,43,117,0.368,54,97,0.557,74,205,279,136,34,15,81,67,407
David Lighty,2010-11,Ohio State,Big Ten,37,1186,153,327,0.468,102,208,0.49,51,119,0.429,89,142,0.627,49,99,148,122,55,17,58,72,446
Scotty Hopson,2010-11,Tennessee,SEC,32,937,188,416,0.452,135,275,0.491,53,141,0.376,114,155,0.735,28,79,107,41,26,5,89,63,543
DeAndre Liggins,2010-11,Kentucky,SEC,38,1201,112,264,0.424,76,172,0.442,36,92,0.391,68,105,0.648,22,131,153,96,46,28,55,94,328
Demetri McCamey,2010-11,Illinois,Big Ten,34,1137,166,367,0.452,92,203,0.453,74,164,0.451,92,127,0.724,17,98,115,208,35,6,100,67,498
Jon Diebler,2010-11,Ohio State,Big Ten,37,1320,145,286,0.507,31,59,0.525,114,227,0.502,64,79,0.81,14,84,98,88,36,5,35,37,468
Marshon Brooks,2010-11,Providence,Big East,32,1168,276,571,0.483,209,374,0.559,67,197,0.34,169,219,0.772,72,153,225,80,48,39,98,80,788
Jon Leuer,2010-11,Wisconsin,Big Ten,34,1139,227,483,0.47,173,337,0.513,54,146,0.37,113,134,0.843,57,189,246,56,17,30,54,75,621
Andrew Goudelock,2010-11,College of Charleston,Southern,37,1302,318,699,0.455,187,377,0.496,131,322,0.407,110,134,0.821,25,118,143,157,33,7,119,66,877
Malcolm Lee,2010-11,UCLA,Pac-10,33,1093,141,323,0.437,102,191,0.534,39,132,0.295,112,144,0.778,23,78,101,67,22,7,56,80,433
Shelvin Mack,2010-11,Butler,Horizon,38,1219,201,493,0.408,114,247,0.462,87,246,0.354,120,156,0.769,27,143,170,131,30,3,93,66,609
E'Twaun Moore,2010-11,Purdue,Big Ten,34,1152,221,494,0.447,151,319,0.473,70,175,0.4,100,141,0.709,51,124,175,108,41,18,61,71,612
Keith Benson,2010-11,Oakland,Summit,35,1133,231,422,0.547,222,399,0.556,9,23,0.391,157,244,0.643,93,261,354,38,28,125,66,108,628
Nikola Vucevic,2010-11,Southern California,Pac-10,34,1187,215,426,0.505,186,343,0.542,29,83,0.349,123,163,0.755,97,253,350,54,18,47,58,96,582
Trey Thompkins,2010-11,Georgia,SEC,30,937,194,403,0.481,171,329,0.52,23,74,0.311,82,119,0.689,56,173,229,42,33,50,76,67,493
Jereme Richmond,2010-11,Illinois,Big Ten,31,685,104,197,0.528,102,185,0.551,2,12,0.167,26,43,0.605,53,103,156,57,13,13,54,51,236
Iman Shumpert,2010-11,Georgia Tech,ACC,31,992,177,436,0.406,135,285,0.474,42,151,0.278,141,175,0.806,53,130,183,108,85,6,72,86,537
Charles Jenkins,2010-11,Hofstra,CAA,33,1232,249,482,0.517,183,325,0.563,66,157,0.42,182,221,0.824,18,93,111,158,57,22,73,66,746
Jimmy Butler,2010-11,Marquette,Big East,37,1282,187,382,0.49,167,324,0.515,20,58,0.345,188,240,0.783,90,135,225,86,53,13,54,49,582
Nolan Smith,2010-11,Duke,ACC,37,1259,260,568,0.458,203,405,0.501,57,163,0.35,187,230,0.813,44,122,166,189,45,3,118,72,764
Cory Joseph,2010-11,Texas,Big 12,36,1166,136,322,0.422,84,196,0.429,52,126,0.413,51,73,0.699,23,105,128,109,37,11,54,65,375
Darius Morris,2010-11,Michigan,Big Ten,35,1219,201,411,0.489,185,347,0.533,16,64,0.25,108,151,0.715,31,108,139,235,36,1,103,74,526
Justin Harper,2010-11,Richmond,A-10,37,1178,245,459,0.534,168,287,0.585,77,172,0.448,94,118,0.797,62,194,256,43,23,46,56,82,661
Josh Selby,2010-11,Kansas,Big 12,26,530,72,193,0.373,38,99,0.384,34,94,0.362,28,37,0.757,10,48,58,56,21,1,53,44,206
Tyler Honeycutt,2010-11,UCLA,Pac-10,33,1154,144,355,0.406,89,203,0.438,55,152,0.362,78,106,0.736,50,188,238,93,29,67,100,52,421
Travis Leslie,2010-11,Georgia,SEC,33,1062,177,360,0.492,164,317,0.517,13,43,0.302,109,136,0.801,106,131,237,97,40,20,71,63,476
Kyle Singler,2010-11,Duke,ACC,37,1286,219,509,0.43,157,316,0.497,62,193,0.321,125,155,0.806,88,165,253,60,34,12,70,98,625
Chris Singleton,2010-11,Florida State,ACC,28,814,124,286,0.434,89,191,0.466,35,95,0.368,84,126,0.667,58,133,191,33,55,41,61,90,367
Kenneth Faried,2010-11,Morehead State,OVC,35,1216,233,374,0.623,233,374,0.623,0,0,,139,241,0.577,200,308,508,37,67,82,92,108,605
Klay Thompson,2010-11,Washington State,Pac-10,34,1179,240,551,0.436,142,305,0.466,98,246,0.398,155,185,0.838,25,153,178,127,56,32,115,99,733
Tobias Harris,2010-11,Tennessee,SEC,34,993,185,402,0.46,162,326,0.497,23,76,0.303,128,170,0.753,67,180,247,44,24,29,62,70,521
Markieff Morris,2010-11,Kansas,Big 12,38,926,195,331,0.589,170,272,0.625,25,59,0.424,103,153,0.673,103,213,316,53,30,43,78,108,518
Alec Burks,2010-11,Colorado,Big 12,38,1193,251,535,0.469,223,439,0.508,28,96,0.292,249,302,0.825,91,156,247,112,41,12,99,89,779
Kawhi Leonard,2010-11,San Diego State,MWC,36,1172,211,475,0.444,186,389,0.478,25,86,0.291,110,145,0.759,111,269,380,91,51,21,76,89,557
Kemba Walker,2010-11,Connecticut,Big East,41,1543,316,739,0.428,241,512,0.471,75,227,0.33,258,315,0.819,53,170,223,184,77,7,93,56,965
Marcus Denmon,2011-12,Missouri,Big 12,35,1212,200,435,0.46,101,192,0.526,99,243,0.407,120,134,0.896,35,141,176,74,54,1,41,34,619
Robbie Hummel,2011-12,Purdue,Big Ten,35,1128,194,465,0.417,122,277,0.44,72,188,0.383,113,137,0.825,55,196,251,66,23,42,32,73,573
Darius Johnson-Odom,2011-12,Marquette,Big East,34,1120,210,470,0.447,133,270,0.493,77,200,0.385,126,165,0.764,22,97,119,93,32,4,80,68,623
Kris Joseph,2011-12,Syracuse,Big East,37,1192,164,390,0.421,113,242,0.467,51,148,0.345,117,157,0.745,56,118,174,56,50,23,55,62,496
Kyle O'Quinn,2011-12,Norfolk State,MEAC,36,1125,205,358,0.573,199,326,0.61,6,32,0.188,156,224,0.696,114,258,372,51,25,97,95,117,572
Kevin Murphy,2011-12,Tennessee Tech,OVC,33,1139,239,538,0.444,160,348,0.46,79,190,0.416,124,172,0.721,30,143,173,76,28,7,108,71,681
Darius Miller,2011-12,Kentucky,SEC,40,1043,143,302,0.474,87,153,0.569,56,149,0.376,55,69,0.797,36,74,110,82,33,13,58,87,397
Kim English,2011-12,Missouri,Big 12,35,1175,171,328,0.521,93,158,0.589,78,170,0.459,87,120,0.725,30,118,148,56,45,10,59,83,507
Doron Lamb,2011-12,Kentucky,SEC,40,1249,175,369,0.474,99,206,0.481,76,163,0.466,123,149,0.826,15,93,108,60,19,2,44,72,549
Tyshawn Taylor,2011-12,Kansas,Big 12,39,1303,226,474,0.477,168,322,0.522,58,152,0.382,137,199,0.688,8,83,91,186,52,6,138,77,647
Will Barton,2011-12,Memphis,CUSA,35,1236,230,452,0.509,193,345,0.559,37,107,0.346,134,179,0.749,70,209,279,102,50,25,75,74,631
Khris Middleton,2011-12,Texas A&M,Big 12,20,575,102,246,0.415,82,169,0.485,20,77,0.26,39,52,0.75,26,73,99,45,19,5,43,37,263
Quincy Miller,2011-12,Baylor,Big 12,37,903,138,309,0.447,114,240,0.475,24,69,0.348,93,114,0.816,54,128,182,53,25,24,66,69,393
Quincy Acy,2011-12,Baylor,Big 12,38,1130,158,274,0.577,155,269,0.576,3,5,0.6,136,174,0.782,99,183,282,38,35,70,71,117,455
Orlando Johnson,,Loyola Marymount,,31,,133,323,0.412,93,198,0.47,40,125,0.32,77,120,0.642,,,152,65,18,12,80,,383
Draymond Green,2011-12,Michigan State,Big Ten,37,1229,212,472,0.449,160,338,0.473,52,134,0.388,125,173,0.723,79,315,394,141,54,35,112,105,601
Jae Crowder,2011-12,Marquette,Big East,35,1153,217,436,0.498,156,259,0.602,61,177,0.345,119,162,0.735,70,224,294,73,88,35,44,93,614
Bernard James,2011-12,Florida State,ACC,35,979,157,259,0.606,157,259,0.606,0,0,,64,116,0.552,107,176,283,16,26,82,73,68,378
Festus Ezeli,2011-12,Vanderbilt,SEC,26,603,89,165,0.539,89,165,0.539,0,0,,84,139,0.604,62,92,154,8,11,52,58,82,262
Marquis Teague,2011-12,Kentucky,SEC,40,1303,145,352,0.412,119,272,0.438,26,80,0.325,85,119,0.714,17,84,101,191,37,11,109,91,401
Perry Jones,2011-12,Baylor,Big 12,33,1013,182,364,0.5,172,331,0.52,10,33,0.303,71,102,0.696,89,163,252,42,28,20,56,77,445
Arnett Moultrie,,Texas-El Paso,,70,955,261,535,0.488,241,456,0.529,20,79,0.253,108,184,0.587,65,155,522,65,76,62,133,72,650
Miles Plumlee,2011-12,Duke,ACC,34,697,89,146,0.61,89,146,0.61,0,0,,48,76,0.632,99,143,242,18,18,32,42,78,226
Tony Wroten,2011-12,Washington,Pac-12,35,1062,198,447,0.443,189,391,0.483,9,56,0.161,154,264,0.583,80,96,176,130,66,13,132,93,559
John Jenkins,2011-12,Vanderbilt,SEC,35,1177,217,458,0.474,83,153,0.542,134,305,0.439,128,153,0.837,16,85,101,42,29,11,55,42,696
Fab Melo,2011-12,Syracuse,Big East,30,763,98,173,0.566,98,173,0.566,0,0,,38,60,0.633,80,95,175,21,15,88,43,85,234
Jared Sullinger,2011-12,Ohio State,Big Ten,37,1123,228,439,0.519,212,399,0.531,16,40,0.4,175,228,0.768,116,224,340,46,43,39,71,109,647
Andrew Nicholson,2011-12,St. Bonaventure,A-10,32,962,220,385,0.571,197,332,0.593,23,53,0.434,128,165,0.776,83,186,269,33,21,63,80,90,591
Tyler Zeller,2011-12,North Carolina,ACC,38,1070,220,398,0.553,220,398,0.553,0,0,,181,224,0.808,146,219,365,36,34,58,73,102,621
Royce White,2011-12,Iowa State,Big 12,34,1072,175,328,0.534,171,316,0.541,4,12,0.333,102,205,0.498,85,231,316,170,40,32,130,89,456
John Henson,2011-12,North Carolina,ACC,35,1019,205,410,0.5,205,410,0.5,0,0,,69,135,0.511,89,259,348,44,20,101,45,55,479
Kendall Marshall,2011-12,North Carolina,ACC,36,1189,105,225,0.467,77,146,0.527,28,79,0.354,55,79,0.696,6,88,94,351,43,6,101,56,293
Jeremy Lamb,2011-12,Connecticut,Big East,34,1266,217,454,0.478,146,243,0.601,71,211,0.336,98,121,0.81,32,134,166,58,42,21,68,57,603
Meyers Leonard,2011-12,Illinois,Big Ten,32,1018,170,291,0.584,169,280,0.604,1,11,0.091,93,127,0.732,73,189,262,43,15,60,68,94,434
Austin Rivers,2011-12,Duke,ACC,34,1129,174,402,0.433,116,243,0.477,58,159,0.365,121,184,0.658,21,94,115,71,33,1,79,76,527
Andre Drummond,2011-12,Connecticut,Big East,34,967,157,292,0.538,157,290,0.541,0,2,0,26,88,0.295,114,143,257,15,28,92,52,75,340
Terrence Ross,2011-12,Washington,Pac-12,35,1088,215,470,0.457,143,276,0.518,72,194,0.371,72,94,0.766,48,177,225,49,44,33,70,99,574
Harrison Barnes,2011-12,North Carolina,ACC,38,1111,229,521,0.44,180,384,0.469,49,137,0.358,141,195,0.723,74,124,198,43,41,13,74,68,648
Damian Lillard,2011-12,Weber State,Big Sky,32,1105,231,495,0.467,137,265,0.517,94,230,0.409,228,257,0.887,17,144,161,128,47,7,74,62,784
Bradley Beal,2011-12,Florida,SEC,37,1267,175,393,0.445,112,207,0.541,63,186,0.339,133,173,0.769,50,199,249,83,51,31,79,76,546
Michael Kidd-Gilchrist,2011-12,Kentucky,SEC,40,1245,160,326,0.491,147,275,0.535,13,51,0.255,143,192,0.745,103,194,297,75,39,37,87,97,476
Steven Adams,2012-13,Pittsburgh,Big East,32,749,100,175,0.571,100,175,0.571,0,0,,31,70,0.443,90,113,203,20,21,65,35,52,231
Vander Blue,2012-13,Marquette,Big East,34,1123,183,403,0.454,143,271,0.528,40,132,0.303,96,127,0.756,20,90,110,62,36,0,79,60,502
Lorenzo Brown,2012-13,North Carolina State,ACC,33,1129,140,334,0.419,120,258,0.465,20,76,0.263,108,140,0.771,22,121,143,239,65,19,114,65,408
Trey Burke,2012-13,Michigan,Big Ten,39,1378,259,560,0.463,183,362,0.506,76,198,0.384,133,166,0.801,21,103,124,260,62,20,86,73,727
Kentavious Caldwell-Pope,2012-13,Georgia,SEC,32,1086,186,430,0.433,102,205,0.498,84,225,0.373,135,169,0.799,37,189,226,58,65,17,64,70,591
Isaiah Canaan,2012-13,Murray State,OVC,31,1131,215,499,0.431,121,245,0.494,94,254,0.37,152,185,0.822,19,91,110,133,47,4,98,58,676
Jackie Carmichael,2012-13,Illinois State,MVC,33,1009,213,404,0.527,211,393,0.537,2,11,0.182,147,216,0.681,83,223,306,28,32,68,77,84,575
Michael Carter-Williams,2012-13,Syracuse,Big East,40,1409,155,394,0.393,120,275,0.436,35,119,0.294,129,186,0.694,51,148,199,291,109,20,138,92,474
Will Clyburn,,Utah,,30,1040,163,362,0.45,101,208,0.486,62,154,0.403,126,166,0.759,51,182,233,31,34,7,75,68,514
Robert Covington,2012-13,Tennessee State,OVC,23,712,128,294,0.435,88,191,0.461,40,103,0.388,96,113,0.85,65,118,183,30,50,39,56,64,392
Allen Crabbe,2012-13,California,Pac-12,33,1195,215,468,0.459,151,284,0.532,64,184,0.348,113,139,0.813,33,167,200,87,37,23,83,69,607
Seth Curry,,Liberty,,35,,243,583,0.417,141,289,0.488,102,294,0.347,119,143,0.832,,,153,79,48,9,79,,707
Brandon Davies,2012-13,Brigham Young,WCC,36,1054,229,439,0.522,224,425,0.527,5,14,0.357,174,255,0.682,74,213,287,88,48,35,92,111,637
Dewayne Dedmon,2012-13,Southern California,Pac-12,31,691,88,176,0.5,88,173,0.509,0,3,0,32,47,0.681,70,146,216,19,34,66,49,93,208
Gorgui Dieng,2012-13,Louisville,Big East,33,1026,125,234,0.534,125,234,0.534,0,0,,73,112,0.652,113,197,310,66,44,83,59,85,323
James Ennis,2012-13,Long Beach State,Big West,33,1093,182,371,0.491,127,217,0.585,55,154,0.357,126,151,0.834,65,156,221,70,58,43,99,75,545
Carrick Felix,2012-13,Arizona State,Pac-12,35,1235,189,378,0.5,137,239,0.573,52,139,0.374,81,122,0.664,73,212,285,57,50,39,70,105,511
Jamaal Franklin,2012-13,San Diego State,MWC,32,1058,165,401,0.411,125,254,0.492,40,147,0.272,171,219,0.781,56,248,304,105,51,26,110,83,541
Archie Goodwin,2012-13,Kentucky,SEC,33,1048,157,357,0.44,140,293,0.478,17,64,0.266,135,212,0.637,48,104,152,88,36,15,101,97,466
Erick Green,2012-13,Virginia Tech,ACC,32,1166,261,550,0.475,200,393,0.509,61,157,0.389,218,267,0.816,15,112,127,121,42,6,69,44,801
Tim Hardaway Jr.,2012-13,Michigan,Big Ten,38,1324,201,460,0.437,128,265,0.483,73,195,0.374,77,111,0.694,9,168,177,93,26,17,71,73,552
Solomon Hill,2012-13,Arizona,Pac-12,35,1154,158,345,0.458,101,199,0.508,57,146,0.39,95,124,0.766,61,126,187,95,40,20,77,76,468
Richard Howell,2012-13,North Carolina State,ACC,35,1105,183,321,0.57,183,321,0.57,0,0,,79,122,0.648,131,249,380,60,36,32,57,105,445
Colton Iverson,,Minnesota,,98,1161,196,387,0.506,196,387,0.506,0,0,,125,232,0.539,111,197,422,74,39,93,139,140,517
Pierre Jackson,2012-13,Baylor,Big 12,36,1252,216,506,0.427,128,261,0.49,88,245,0.359,192,240,0.8,24,111,135,255,54,0,122,80,712
Grant Jerrett,2012-13,Arizona,Pac-12,34,606,63,154,0.409,31,75,0.413,32,79,0.405,18,22,0.818,37,85,122,18,16,33,19,44,176
Myck Kabongo,2012-13,Texas,Big 12,11,410,46,110,0.418,38,83,0.458,8,27,0.296,61,77,0.792,7,48,55,61,22,0,37,20,161
Kenny Kadji,,Florida,,42,45,65,136,0.478,65,135,0.481,0,1,0,26,51,0.51,3,3,99,4,7,27,33,8,156
Shane Larkin,2012-13,Miami (FL),ACC,36,1311,183,382,0.479,114,212,0.538,69,170,0.406,87,112,0.777,17,121,138,164,71,4,82,59,522
Alex Len,2012-13,Maryland,ACC,38,1004,173,324,0.534,172,316,0.544,1,8,0.125,105,153,0.686,109,189,298,37,8,78,60,101,452
C.J. Leslie,2012-13,North Carolina State,ACC,35,1135,192,370,0.519,190,364,0.522,2,6,0.333,142,232,0.612,65,193,258,51,34,43,105,86,528
Trevor Mbakwe,,Marquette,,11,,4,15,0.267,4,15,0.267,0,0,,9,19,0.474,,,23,2,3,4,4,,17
Ben McLemore,2012-13,Kansas,Big 12,37,1191,198,400,0.495,125,226,0.553,73,174,0.42,120,138,0.87,47,145,192,73,37,25,77,69,589
Shabazz Muhammad,2012-13,UCLA,Pac-12,32,987,202,456,0.443,162,350,0.463,40,106,0.377,128,180,0.711,87,80,167,27,23,4,51,53,572
Erik Murphy,2012-13,Florida,SEC,36,952,164,318,0.516,92,159,0.579,72,159,0.453,40,51,0.784,58,141,199,50,23,25,51,101,440
Mike Muscala,2012-13,Bucknell,Patriot,34,1079,227,446,0.509,223,430,0.519,4,16,0.25,179,227,0.789,98,280,378,78,17,80,58,74,637
Nerlens Noel,2012-13,Kentucky,SEC,24,765,98,166,0.59,98,166,0.59,0,0,,55,104,0.529,65,162,227,38,50,106,45,62,251
Victor Oladipo,2012-13,Indiana,Big Ten,36,1021,182,304,0.599,152,236,0.644,30,68,0.441,97,130,0.746,93,134,227,74,78,28,83,89,491
Kelly Olynyk,2012-13,Gonzaga,WCC,32,845,215,342,0.629,206,312,0.66,9,30,0.3,132,170,0.776,77,158,235,55,22,36,77,72,571
Brandon Paul,2012-13,Illinois,Big Ten,36,1153,184,459,0.401,106,219,0.484,78,240,0.325,152,206,0.738,22,135,157,98,44,23,96,86,598
Mason Plumlee,2012-13,Duke,ACC,36,1248,221,369,0.599,221,369,0.599,0,0,,173,254,0.681,98,260,358,70,36,52,103,92,615
Phil Pressey,2012-13,Missouri,SEC,34,1151,141,375,0.376,95,233,0.408,46,142,0.324,75,102,0.735,26,86,112,240,61,2,120,64,403
Glen Rice Jr.,2011-12,Georgia Tech,ACC,21,628,102,223,0.457,72,133,0.541,30,90,0.333,40,66,0.606,41,100,141,48,28,18,48,50,274
Andre Roberson,2012-13,Colorado,Pac-12,31,1036,132,275,0.48,113,217,0.521,19,58,0.328,54,98,0.551,92,255,347,44,67,41,74,77,337
Peyton Siva,2012-13,Louisville,Big East,40,1247,139,344,0.404,101,212,0.476,38,132,0.288,85,98,0.867,12,82,94,228,90,6,106,103,401
Tony Snell,2012-13,New Mexico,MWC,35,1093,144,341,0.422,80,177,0.452,64,164,0.39,86,102,0.843,14,78,92,101,29,17,72,46,438
James Southerland,2012-13,Syracuse,Big East,34,1003,161,358,0.45,77,147,0.524,84,211,0.398,45,57,0.789,44,133,177,36,49,28,39,79,451
Adonis Thomas,2012-13,Memphis,CUSA,36,1056,155,383,0.405,129,294,0.439,26,89,0.292,85,113,0.752,55,106,161,69,24,25,58,50,421
Deshaun Thomas,2012-13,Ohio State,Big Ten,37,1309,259,583,0.444,187,374,0.5,72,209,0.344,141,169,0.834,63,157,220,48,19,11,52,54,731
Jeff Withey,2012-13,Kansas,Big 12,37,1144,185,318,0.582,184,317,0.58,1,1,1,137,192,0.714,79,236,315,35,28,146,73,77,508
Nate Wolters,2012-13,South Dakota State,Summit,33,1256,242,499,0.485,178,330,0.539,64,169,0.379,187,230,0.813,36,148,184,193,57,4,77,51,735
B.J. Young,2012-13,Arkansas,SEC,31,866,180,401,0.449,155,291,0.533,25,110,0.227,85,127,0.669,32,78,110,105,21,8,64,52,470
Cody Zeller,2012-13,Indiana,Big Ten,36,1062,199,353,0.564,199,351,0.567,0,2,0,196,259,0.757,101,188,289,47,37,45,81,80,594
